mean_fit_time,mean_score_time,mean_test_score,mean_train_score,param_learning_rate,param_max_depth,param_min_child_weight,param_n_estimators,param_random_seed,param_subsample,params,rank_test_score,split0_test_score,split0_train_score,split1_test_score,split1_train_score,split2_test_score,split2_train_score,split3_test_score,split3_train_score,split4_test_score,split4_train_score,split5_test_score,split5_train_score,split6_test_score,split6_train_score,split7_test_score,split7_train_score,split8_test_score,split8_train_score,split9_test_score,split9_train_score,std_fit_time,std_score_time,std_test_score,std_train_score,sample_weight
2.0125810384750364,0.027873539924621583,0.8642065928308015,0.8734330032956319,0.1,2,1,50,42,0.8,"{'learning_rate': 0.1, 'max_depth': 2, 'min_child_weight': 1, 'n_estimators': 50, 'random_seed': 42, 'subsample': 0.8}",1,0.8693532483115433,0.8720142678742845,0.8525666918128412,0.8750737540145292,0.8552100101574704,0.8732212005664781,0.8622336329398741,0.8733287475811544,0.852209147023788,0.8757708825076668,0.8690183975261403,0.8731847216790509,0.8753504433936156,0.872689183079684,0.8453715571762979,0.8756004405165789,0.8901275131033404,0.870811856670875,0.8706319691417086,0.8726349784660172,0.7010029464988569,0.02112436329145759,0.01267214284727639,0.00151809853488429,55
2.978984069824219,0.012734317779541015,0.8639325715321935,0.8781664114591485,0.1,2,1,80,42,0.8,"{'learning_rate': 0.1, 'max_depth': 2, 'min_child_weight': 1, 'n_estimators': 80, 'random_seed': 42, 'subsample': 0.8}",2,0.8713654372761347,0.8768942171519655,0.8546234310866118,0.8798416557044832,0.8535170984086631,0.8779056267109894,0.8620546511208171,0.8790357716406361,0.8483933749654069,0.8799401263485671,0.8705269585724772,0.8783222803762166,0.8733335138192012,0.8777265209026166,0.8451594365112318,0.8801741467949756,0.8901410527202595,0.8750217817549512,0.870216754222856,0.876801987206085,0.538884173084683,0.008617696318767196,0.013060864053217049,0.0015618556743297617,55
0.5501469850540162,0.013734889030456544,0.8635177283716086,0.8830728293015463,0.1,3,1,50,42,0.8,"{'learning_rate': 0.1, 'max_depth': 3, 'min_child_weight': 1, 'n_estimators': 50, 'random_seed': 42, 'subsample': 0.8}",3,0.8750408377834142,0.8823174796458918,0.8535601637075362,0.8835326895272633,0.8499723788083089,0.8840258396439957,0.8612680335463067,0.8841334638793429,0.8497485230239805,0.8854241682083485,0.8680347495457772,0.8829097337212731,0.8658072531254136,0.8822843517678722,0.8488015934624711,0.8840796820233586,0.8922923474085174,0.8796571352073779,0.8706590483755469,0.8823637493907396,0.2753479999031838,0.0020207228524619356,0.013157105505064734,0.0014891542385612627,55
3.1655367851257323,0.02922837734222412,0.8611173638874444,0.8928202807667975,0.1,3,1,80,42,0.8,"{'learning_rate': 0.1, 'max_depth': 3, 'min_child_weight': 1, 'n_estimators': 80, 'random_seed': 42, 'subsample': 0.8}",4,0.8747289856191602,0.8929628152368423,0.8536759945114019,0.8928786730721371,0.8474612263809111,0.8948337192318175,0.8577981927348421,0.8942061794859704,0.8389539640712799,0.8950488669216566,0.8688303914136856,0.8931682647458281,0.8624637524215186,0.891171705909056,0.8463584448095127,0.8927921436279307,0.8921253587998483,0.8889432261700574,0.8687845636331907,0.8921972132666789,0.8664385482259043,0.0178451675496538,0.014928488182720816,0.0017095151582820628,55
2.484637808799744,0.013238167762756348,0.8509805148712496,0.9189823261217469,0.1,5,1,50,42,0.8,"{'learning_rate': 0.1, 'max_depth': 5, 'min_child_weight': 1, 'n_estimators': 50, 'random_seed': 42, 'subsample': 0.8}",12,0.8557921341974113,0.9167749367452389,0.8475948773084485,0.9183173085469477,0.845958395951268,0.9209331225335087,0.8481587433370633,0.9197319923706397,0.8220499584882504,0.9230191815726726,0.857665836431674,0.91933075754592,0.8507171305153473,0.9204134573335514,0.8387070568483382,0.9188497421321269,0.8811898615348509,0.915731511949641,0.8619786495285204,0.9167212504872235,0.3325496361566405,0.002793289387589825,0.014606438911785915,0.0020939436385564005,55
2.119210624694824,0.03476715087890625,0.844485819338435,0.9401715356165183,0.1,5,1,80,42,0.8,"{'learning_rate': 0.1, 'max_depth': 5, 'min_child_weight': 1, 'n_estimators': 80, 'random_seed': 42, 'subsample': 0.8}",15,0.85293942939964,0.9401798094357734,0.842196864846242,0.9377453344058497,0.8411083522919649,0.9392577824095472,0.8486204863492522,0.9413899082017472,0.8073373521519932,0.9450677369220544,0.857653804040477,0.9408875464469204,0.8402309015870724,0.9410897818161983,0.8276888174799464,0.9404504015756826,0.8715331058677691,0.9371979676772069,0.8555533490994651,0.9384490872742038,1.4956336616273689,0.025010766943920792,0.016770981051367036,0.0021312257757463964,55
3.192595052719116,0.03379123210906983,0.8479849436063872,0.943048391250621,0.1,8,1,50,42,0.8,"{'learning_rate': 0.1, 'max_depth': 8, 'min_child_weight': 1, 'n_estimators': 50, 'random_seed': 42, 'subsample': 0.8}",14,0.8660416753292267,0.9423483218971096,0.8415583104146742,0.9415689143586826,0.8513786835680639,0.9416133000912528,0.8401556991420904,0.9451962119468089,0.8243541614024955,0.9453721162229304,0.8502629077476567,0.9422132356272264,0.8514841954541625,0.9418931205396395,0.8360051510720368,0.9443832102238898,0.8730585693739883,0.9420512126409619,0.8455490765981262,0.9438442689577078,0.9706634255030433,0.01613461974340985,0.013394226572148785,0.001421018318870203,55
2.5568087816238405,0.022359657287597656,0.8395170985980391,0.9656377007678152,0.1,8,1,80,42,0.8,"{'learning_rate': 0.1, 'max_depth': 8, 'min_child_weight': 1, 'n_estimators': 80, 'random_seed': 42, 'subsample': 0.8}",16,0.8630033442432091,0.9654016640298171,0.8308454460673957,0.9647580616489494,0.8389981526471794,0.9644055496794302,0.8363444392304082,0.9670665886349159,0.8076501943231178,0.9673660678376976,0.8443580117676786,0.9650039616830819,0.8457567772443417,0.9641342035167912,0.825438232267615,0.9672983560507054,0.8626240379349979,0.9655365670918732,0.8401512826530427,0.9654059875048906,1.8593013337955095,0.006103995871276595,0.015644574111075747,0.0011340402165401686,55
2.4474427938461303,0.029665327072143553,0.8486894825961041,0.8535850727882328,0.01,2,1,50,42,0.8,"{'learning_rate': 0.01, 'max_depth': 2, 'min_child_weight': 1, 'n_estimators': 50, 'random_seed': 42, 'subsample': 0.8}",13,0.8465642801561043,0.8535089356608716,0.8409865814468752,0.8582940213140399,0.856224272196449,0.8538994449283606,0.8431502605012694,0.8521150210195717,0.8365535020274579,0.8529448757455316,0.8387343729319328,0.8540773161515552,0.8641302386023174,0.8500540397610601,0.8286681831037617,0.8551247403015718,0.8784819381510299,0.8535810832299716,0.853405063214967,0.8522512497697938,0.4365000505479982,0.014323321056292105,0.013951758748373129,0.0020423001973221932,55
3.3432347536087037,0.0399566650390625,0.8529269122160021,0.8575097621439658,0.01,2,1,80,42,0.8,"{'learning_rate': 0.01, 'max_depth': 2, 'min_child_weight': 1, 'n_estimators': 80, 'random_seed': 42, 'subsample': 0.8}",11,0.8514321439390791,0.8590317281141489,0.8416162258166071,0.8590697254121188,0.8597511716731314,0.8578490159218308,0.8506163592390715,0.8576374315719792,0.8393329843939887,0.8596447521336228,0.8485167069751772,0.8566012179979678,0.8686754743770229,0.854703918506746,0.8334837735213234,0.8584084230675071,0.8774679712839769,0.8547054137830803,0.8583801202317982,0.857445994930657,0.6256035335977594,0.02603463692924676,0.01282256534685006,0.0016374882931157366,55
1.001503300666809,0.016449785232543944,0.8569548227578813,0.8672144539449974,0.01,3,1,50,42,0.8,"{'learning_rate': 0.01, 'max_depth': 3, 'min_child_weight': 1, 'n_estimators': 50, 'random_seed': 42, 'subsample': 0.8}",8,0.8625608111720295,0.865884888926417,0.8439001716671913,0.8689053963569997,0.8541719879535964,0.868324345083609,0.854871313576147,0.867577715093504,0.8511909059187333,0.8682424827410224,0.8606829585243475,0.8649151312255515,0.8651815687831643,0.8657766054524223,0.8419219636656858,0.8692039637616683,0.8795410370744798,0.8658383867744438,0.8555292786693867,0.867475624034336,0.8907677056236006,0.0070385973659123965,0.010328463595346584,0.0014255491161728282,55
3.9839279651641846,0.026771903038024902,0.8592174038370104,0.8696907064138955,0.01,3,1,80,42,0.8,"{'learning_rate': 0.01, 'max_depth': 3, 'min_child_weight': 1, 'n_estimators': 80, 'random_seed': 42, 'subsample': 0.8}",5,0.8626395167182461,0.8690455715741695,0.846417264135813,0.8709202530782997,0.8545343304682534,0.8715750954006234,0.8550848885198956,0.870546508865017,0.8512766367060127,0.8705983019773282,0.8622802584557631,0.8692097805957966,0.8722235257312686,0.8686452708043835,0.844641922264546,0.8705586299017269,0.8832689449328736,0.8671275227451076,0.8598123108214636,0.8686801291965011,0.8692478688472026,0.018966999361084577,0.011168248512340273,0.001292428977774891,55
2.4681774377822876,0.03261146545410156,0.857516842226098,0.890058032892529,0.01,5,1,50,42,0.8,"{'learning_rate': 0.01, 'max_depth': 5, 'min_child_weight': 1, 'n_estimators': 50, 'random_seed': 42, 'subsample': 0.8}",6,0.8573083297198083,0.8896406070383145,0.8550837842814629,0.8912854715516527,0.8540175468817754,0.89124382636494,0.8441685016063243,0.8908541240797292,0.8451551576844867,0.890084290932692,0.856465605409763,0.8908456182490747,0.8625810682356905,0.8880831648346772,0.8432097316748808,0.8919080040738168,0.8920516431077333,0.8870884117365568,0.865134884672552,0.8895468100638364,1.1997698173454776,0.017503958786226227,0.013531439507986404,0.0014402844625225786,55
4.18899986743927,0.03178472518920898,0.8572779129704601,0.8926390172653903,0.01,5,1,80,42,0.8,"{'learning_rate': 0.01, 'max_depth': 5, 'min_child_weight': 1, 'n_estimators': 80, 'random_seed': 42, 'subsample': 0.8}",7,0.8564158385259194,0.892160316747846,0.8527226178949682,0.8939520041537787,0.8505307426833543,0.8937184281710338,0.8444572789950548,0.8928110568402133,0.8438225703594076,0.8929421760688455,0.8591006990819285,0.8937604924506131,0.8642024329494999,0.8906165895132353,0.8428546928312242,0.8944332269022794,0.8935771066139524,0.8899436521901203,0.8651047966349539,0.8920522296159386,2.1757482642494694,0.01602865364311114,0.014318782270785906,0.0013934181351128705,55
3.167649507522583,0.027623677253723146,0.8549539802527165,0.9000852799458479,0.01,8,1,50,42,0.8,"{'learning_rate': 0.01, 'max_depth': 8, 'min_child_weight': 1, 'n_estimators': 50, 'random_seed': 42, 'subsample': 0.8}",10,0.8566786853500764,0.8966558859518139,0.8482052165442029,0.901994784074614,0.8488244658417928,0.9006207706711227,0.8472818828285745,0.9021156219749984,0.842790792814256,0.9003451703061451,0.8599820717371163,0.8996658687827694,0.8709556125088739,0.9006969233855795,0.8425929269041215,0.900184682655732,0.880374475715945,0.8979313989359854,0.8518585380824293,0.9006416927197165,1.217112608917159,0.017317929537584396,0.011758579984312206,0.0015934937764246592,55
3.381605625152588,0.04166169166564941,0.8564519836566749,0.9040443514175838,0.01,8,1,80,42,0.8,"{'learning_rate': 0.01, 'max_depth': 8, 'min_child_weight': 1, 'n_estimators': 80, 'random_seed': 42, 'subsample': 0.8}",9,0.8589240209327054,0.9016878984901815,0.8483448075129641,0.9063624364489636,0.8536329292125288,0.9042524938967305,0.8476097654886956,0.9055828204409904,0.8392637981446053,0.9047179808637301,0.8635511797759569,0.9037530868306628,0.8713647138095754,0.903973720681465,0.8420453246198377,0.9042004394811135,0.8818623291751666,0.9015814330693636,0.8579257908640683,0.9043312039726371,2.112724944898342,0.023764030523888813,0.012575459701024508,0.0014160795843626997,55
1.6839934825897216,0.029127049446105956,0.836901463398778,0.8701425657771592,1,2,1,50,42,0.8,"{'learning_rate': 1, 'max_depth': 2, 'min_child_weight': 1, 'n_estimators': 50, 'random_seed': 42, 'subsample': 0.8}",17,0.8563475280518447,0.87470261374006,0.8259152118515704,0.8920293260627392,0.823427819589068,0.8942335396890295,0.8493845431902682,0.8867438293434515,0.7663053941209736,0.7855529205971463,0.8473375326378612,0.8812668510213005,0.8531236087547678,0.8717862706647769,0.8290593275925358,0.8755071561755529,0.8747826139283543,0.8688624820550144,0.843340614638432,0.8707406684225203,0.5769774024036148,0.022893658824300785,0.027802578630525814,0.029442207831828816,55
1.416625428199768,0.01173243522644043,0.8352202142617245,0.8755338102288457,1,2,1,80,42,0.8,"{'learning_rate': 1, 'max_depth': 2, 'min_child_weight': 1, 'n_estimators': 80, 'random_seed': 42, 'subsample': 0.8}",18,0.857482075925607,0.8715417459202901,0.8237619469079115,0.8887492444981689,0.8207444059661774,0.9001075293905025,0.8286617574510583,0.8950079094979619,0.8446708539388033,0.8740741542014643,0.8232336449722655,0.8521478054494638,0.8580283122164869,0.8743035157741553,0.8027714091431528,0.8612874237546124,0.8580220725843818,0.8685129385103646,0.8348241955963148,0.8696058352914724,1.14552218050692,0.0029855420288865523,0.01790386364054716,0.01418321187169295,55
1.2148687601089478,0.025016975402832032,0.8290403997536235,0.8861923187794064,1,3,1,50,42,0.8,"{'learning_rate': 1, 'max_depth': 3, 'min_child_weight': 1, 'n_estimators': 50, 'random_seed': 42, 'subsample': 0.8}",19,0.8353687874593849,0.8919868105675448,0.8263577449227497,0.8946867111672059,0.8336729056899654,0.8802445900143397,0.8405497599537957,0.8859938554618989,0.8059070016484375,0.8897172088671436,0.8231283615492907,0.8803705028887466,0.8338898314261993,0.869253511659922,0.8035461761113016,0.894494670681314,0.8642728623953688,0.8931920181886899,0.8237096745076092,0.8819833082972584,0.5799808786287255,0.018309691333030915,0.016474422299329588,0.007810428205038647,55
2.978671073913574,0.022461128234863282,0.8210267979569674,0.887380635298517,1,3,1,80,42,0.8,"{'learning_rate': 1, 'max_depth': 3, 'min_child_weight': 1, 'n_estimators': 80, 'random_seed': 42, 'subsample': 0.8}",20,0.838549679534776,0.8878676220061388,0.8002052284242853,0.8850185283120607,0.8036222371383257,0.8810454034379778,0.8345425886486422,0.8867161484119522,0.7999660084948681,0.8958765582080803,0.8281804618031742,0.8864083113060055,0.8257168297055674,0.8658194859334826,0.7873873955192894,0.9017218495779369,0.8531177224559061,0.8865456429463725,0.8389883799998796,0.8967868028451632,1.102780794866664,0.01611102818218012,0.020558783929462525,0.009376813532021482,55
2.2175329685211183,0.017797374725341798,0.7972986676034073,0.8912272145020793,1,5,1,50,42,0.8,"{'learning_rate': 1, 'max_depth': 5, 'min_child_weight': 1, 'n_estimators': 50, 'random_seed': 42, 'subsample': 0.8}",21,0.775867394519718,0.9007929621301004,0.7905986967549554,0.8691925981559829,0.7979628628622684,0.8986812604437017,0.8042209628319437,0.8818632576776679,0.7747070112743506,0.888249287405546,0.8107650795942678,0.8916892857043799,0.8049564427438665,0.8945131290269792,0.7890046275401826,0.9088646195515102,0.8205955626162151,0.8996810026855535,0.8043194386775705,0.8787447422393715,1.3444845721028045,0.006026280876338499,0.014013239324748674,0.011307120909776838,55
2.1240545749664306,0.030130934715270997,0.7962512262661893,0.8913280164430615,1,5,1,80,42,0.8,"{'learning_rate': 1, 'max_depth': 5, 'min_child_weight': 1, 'n_estimators': 80, 'random_seed': 42, 'subsample': 0.8}",22,0.7624785416010788,0.8901700879048601,0.801734789039436,0.8857684379481162,0.7912862565266203,0.8914030002310946,0.8138333393495291,0.8835396089721721,0.7675507466098738,0.8883290203224634,0.7874959390679709,0.8942580835438988,0.7850533636549593,0.8889098206286733,0.7945573748788957,0.8960036581514428,0.843873172903917,0.909156731745669,0.8146712280131665,0.8857417149822233,1.3114147493894668,0.013826451461776976,0.02267134636314769,0.006980494579351511,55
2.6573397159576415,0.017197155952453615,0.7703899846764941,0.9045824622033672,1,8,1,50,42,0.8,"{'learning_rate': 1, 'max_depth': 8, 'min_child_weight': 1, 'n_estimators': 50, 'random_seed': 42, 'subsample': 0.8}",23,0.7685967840616814,0.9031515907016983,0.7453831029587346,0.9066341763844941,0.7519022982019495,0.9052553485085504,0.7716101745899964,0.906822027512664,0.7544835697698202,0.8916415975799062,0.7897640448086248,0.9122082338289829,0.7845871084960714,0.9066074956708097,0.7407644768592903,0.8991420059480093,0.8208347625151193,0.9125059446809991,0.7759900468771626,0.9018562012175594,0.331279000307193,0.01276200367607041,0.022923578478065424,0.005841721677084806,55
2.4519129037857055,0.02902827262878418,0.7682138365458103,0.8938094306144244,1,8,1,80,42,0.8,"{'learning_rate': 1, 'max_depth': 8, 'min_child_weight': 1, 'n_estimators': 80, 'random_seed': 42, 'subsample': 0.8}",24,0.7814228180743574,0.8977304391687704,0.7507736903694111,0.903415479343691,0.763979887020416,0.887092047528472,0.7600921681165698,0.8885900383779382,0.7548640941414287,0.8959297011587345,0.7627603508645273,0.8937049641691883,0.7751988352645321,0.8973719017280705,0.7562372501940677,0.8844712358797646,0.8179192316718719,0.8975688750925448,0.758898537119612,0.8922196236970701,1.8356793013186794,0.013734003019889106,0.018760602027676494,0.0054870412946305454,55
1.6086570739746093,0.029128551483154297,0.8634715090789333,0.8728510859547096,0.1,2,1,50,42,0.8,"{'learning_rate': 0.1, 'max_depth': 2, 'min_child_weight': 1, 'n_estimators': 50, 'random_seed': 42, 'subsample': 0.8}",2,0.8687800343334382,0.8715810949739871,0.8519266523709674,0.8744187265201881,0.8576602771623235,0.8737300347530843,0.8626397261427763,0.8730090947669726,0.8512119626033281,0.8742274440626067,0.8653680708467193,0.8720880612345843,0.8750135364400967,0.871362791243802,0.847715415305183,0.8752143043632294,0.8860566016163294,0.8704508120637641,0.8683482870880195,0.8724284955648797,0.5860449637964664,0.017311655892367016,0.011247341417831801,0.0014520392541277237,20
2.5778044700622558,0.02080528736114502,0.8638191881277478,0.8777802170226737,0.1,2,1,80,42,0.8,"{'learning_rate': 0.1, 'max_depth': 2, 'min_child_weight': 1, 'n_estimators': 80, 'random_seed': 42, 'subsample': 0.8}",1,0.8702680146600218,0.8765585188016259,0.8537027246969094,0.8791705552790319,0.854920433147806,0.8787275127102072,0.8621629426415911,0.878375441817807,0.8506464402170644,0.8788160623366441,0.8670150043918228,0.8773182040493301,0.8742615119902778,0.8769155084406501,0.8478372718574549,0.8798833289326053,0.8882590459685039,0.875183425304852,0.8691245584580483,0.8768536125539828,0.4304556239047039,0.017383928976632865,0.011829461265766056,0.001368809844114381,20
1.8926786661148072,0.03007984161376953,0.8628348528964448,0.8832278803265117,0.1,3,1,50,42,0.8,"{'learning_rate': 0.1, 'max_depth': 3, 'min_child_weight': 1, 'n_estimators': 50, 'random_seed': 42, 'subsample': 0.8}",3,0.8744587137434734,0.8829168629490051,0.8504609471989735,0.8839309945366849,0.8527241029052741,0.8841978459309561,0.8650717732134907,0.8836138130991642,0.8500252680215139,0.8842856997571216,0.8636970725192217,0.8830324025920595,0.870672851315742,0.8818742412937738,0.8471407337870609,0.8859055219152561,0.8888006306452682,0.8801418254811771,0.8653018732812209,0.8823795957099188,0.793975526719468,0.021683019777435683,0.012442714764848331,0.0014860517043763836,20
1.7867834568023682,0.025266742706298827,0.8611792828318979,0.8926242190365159,0.1,3,1,80,42,0.8,"{'learning_rate': 0.1, 'max_depth': 3, 'min_child_weight': 1, 'n_estimators': 80, 'random_seed': 42, 'subsample': 0.8}",4,0.8731533896845244,0.8922737716429054,0.8507579492601679,0.8927168142117302,0.8515123344956015,0.8942139114551855,0.8615116894680481,0.893321684043524,0.8437323274254293,0.8944430668696971,0.8636489429544334,0.8937154855118892,0.8682859257120168,0.8906008352355884,0.8459417254887801,0.8943245030320647,0.8893452241257921,0.8893517357728898,0.8639087971404329,0.8912803825896842,1.4879894968857563,0.016080044042993225,0.01318839981208736,0.0016475474925658463,20
2.871481108665466,0.016744327545166016,0.8574026502490566,0.9201412365015423,0.1,5,1,50,42,0.8,"{'learning_rate': 0.1, 'max_depth': 5, 'min_child_weight': 1, 'n_estimators': 50, 'random_seed': 42, 'subsample': 0.8}",10,0.868379081550826,0.9207991135445182,0.8521909842054304,0.9206505500349605,0.84980605765404,0.9199401190730141,0.8552969594147445,0.9189897107185485,0.832794883827263,0.9205191885067736,0.8586690370477326,0.9212525760185502,0.8664855791791503,0.9191665025596079,0.844339537486686,0.9197330126348972,0.8862010241967999,0.9202064052412302,0.85986797369102,0.9201551866833229,0.5540825769744415,0.01089010340380038,0.013803317504948696,0.0006751133329551782,20
2.5360655784606934,0.02897655963897705,0.8522772269617184,0.9394643548372128,0.1,5,1,80,42,0.8,"{'learning_rate': 0.1, 'max_depth': 5, 'min_child_weight': 1, 'n_estimators': 80, 'random_seed': 42, 'subsample': 0.8}",14,0.8647868416206809,0.9408318556606345,0.847201349577366,0.9402056409322004,0.8423156656707198,0.9404995829926167,0.8515082602365569,0.9391224571495667,0.8226305213635106,0.9386188934838865,0.8579305490380104,0.9403831876709834,0.8610138492822679,0.938698626400804,0.839074130907034,0.9388087635877103,0.8812530464138068,0.939007332574485,0.8550629140866174,0.9384672079192395,2.0855816296895395,0.00885746686848219,0.01513540265773367,0.0008594489435111783,20
2.874730134010315,0.031385397911071776,0.8547523499718807,0.9452245414884883,0.1,8,1,50,42,0.8,"{'learning_rate': 0.1, 'max_depth': 8, 'min_child_weight': 1, 'n_estimators': 50, 'random_seed': 42, 'subsample': 0.8}",13,0.8650140481974945,0.9444269518612011,0.8419236229499433,0.9453070559426886,0.8532943468627672,0.9452011190315355,0.850037300412711,0.9460532668399267,0.8303462922186526,0.9468418682872123,0.8600933713556895,0.9462752690200081,0.8631074853505637,0.9440252549206691,0.8397511117529892,0.9450800414777867,0.8795500634857593,0.9441170216464048,0.8644112673683197,0.9449175658574505,0.5155289145379968,0.018985110339775506,0.013861214487853987,0.0008848767852748339,20
3.3439724683761596,0.04628732204437256,0.8483521960910819,0.9666661091118955,0.1,8,1,80,42,0.8,"{'learning_rate': 0.1, 'max_depth': 8, 'min_child_weight': 1, 'n_estimators': 80, 'random_seed': 42, 'subsample': 0.8}",16,0.8614232932776553,0.9666246511359192,0.8344985714200857,0.9669993652303243,0.8407504648082258,0.9669754410056766,0.8454108459974252,0.9666989333503451,0.8200074600825422,0.9672927697665797,0.8563302410087957,0.9671646830514852,0.857316897086958,0.9652505937901888,0.8382557362843681,0.9675672257440373,0.8750955295193737,0.9663410312791918,0.8544400917083386,0.965746396765206,1.309512954335691,0.021326361730178597,0.014935730379377763,0.0006795633019393237,20
0.6848840236663818,0.013589000701904297,0.8520709599669382,0.8582234714950265,0.01,2,1,50,42,0.8,"{'learning_rate': 0.01, 'max_depth': 2, 'min_child_weight': 1, 'n_estimators': 50, 'random_seed': 42, 'subsample': 0.8}",15,0.8563386179900088,0.8589667882876476,0.8387857961734255,0.8593394654898614,0.8622118337501262,0.8592554714627699,0.851042005077669,0.8584862210166132,0.8368558158562851,0.8595425897110884,0.8402865513963591,0.8574014502441265,0.86976741387816,0.856798516287279,0.830312494358493,0.8594826629804098,0.8784759205435103,0.8536586876659056,0.8566350140511135,0.8593028618045648,0.46123177620531847,0.009118549867394937,0.014742521188533515,0.0017597218782515532,20
2.590253734588623,0.017094898223876952,0.8552974842440427,0.8604909504796613,0.01,2,1,80,42,0.8,"{'learning_rate': 0.01, 'max_depth': 2, 'min_child_weight': 1, 'n_estimators': 80, 'random_seed': 42, 'subsample': 0.8}",12,0.8581028102335031,0.8613838571479362,0.8424537716291751,0.8618242702741139,0.8642774830857326,0.861308158827224,0.8533447039430146,0.860521019109458,0.8411874766872421,0.8617246496198726,0.8502012417427716,0.8606719236398299,0.8711210578878341,0.8590893213918867,0.8363842603457717,0.8617073419676359,0.8787030852273753,0.855464206548727,0.8572006691579561,0.861214756269928,0.26249721904371814,0.012102654238286206,0.012813029504609308,0.0018448507845496285,20
2.1305784702301027,0.02436680793762207,0.8572512749927251,0.8682145462669093,0.01,3,1,50,42,0.8,"{'learning_rate': 0.01, 'max_depth': 3, 'min_child_weight': 1, 'n_estimators': 50, 'random_seed': 42, 'subsample': 0.8}",11,0.8669341665231158,0.8684095427288134,0.8423735810726527,0.869420267151373,0.853353747275006,0.8701359384814118,0.8571529557568975,0.8678078163036433,0.8464110385156842,0.8691870737261362,0.8555902489501739,0.8678739214005775,0.8707555740052221,0.8662957199954513,0.8450135095288814,0.8700118856639072,0.8791152913424681,0.864480078014924,0.8558166194284476,0.8685232192028545,0.3549348666700751,0.012761508389630848,0.011237115767230967,0.0016542265264884227,20
1.6050589561462403,0.018550777435302736,0.8591274996037137,0.8703023275292514,0.01,3,1,80,42,0.8,"{'learning_rate': 0.01, 'max_depth': 3, 'min_child_weight': 1, 'n_estimators': 80, 'random_seed': 42, 'subsample': 0.8}",7,0.867018812110556,0.8696194937248907,0.8463444986308205,0.8718518349806236,0.8539002310676036,0.872026322572617,0.857354498309449,0.8707826381203594,0.8471901358456966,0.8715831847124335,0.8592465918251933,0.8704555149679506,0.8749548785330108,0.8688927904764282,0.8446464354701857,0.8716481799106393,0.8814245482281156,0.8667685490688577,0.8591985148544641,0.8693947667577135,1.0198799687843734,0.011477532158397414,0.011644426218116446,0.0015761828615914284,20
2.444963550567627,0.037197208404541014,0.8588297250969482,0.8903458457841371,0.01,5,1,50,42,0.8,"{'learning_rate': 0.01, 'max_depth': 5, 'min_child_weight': 1, 'n_estimators': 50, 'random_seed': 42, 'subsample': 0.8}",9,0.8625519011101936,0.889659124240054,0.8476899179680306,0.8908859073725128,0.8573632751011293,0.8908698344414028,0.843226966995151,0.8916590900055565,0.8499260007941378,0.8910060086297198,0.8564490608718671,0.8919170755474936,0.8716504831005066,0.8894244233832682,0.8490377845576156,0.8908488338810205,0.8857481992309497,0.887265402363376,0.8646609980803832,0.8899227579769667,1.2814630067040482,0.027150350252352372,0.012195030239506974,0.0012820747511686763,20
4.059350800514221,0.034641599655151366,0.8589495574519177,0.8929186891174385,0.01,5,1,80,42,0.8,"{'learning_rate': 0.01, 'max_depth': 5, 'min_child_weight': 1, 'n_estimators': 80, 'random_seed': 42, 'subsample': 0.8}",8,0.8631369951707464,0.8922145906661452,0.8480032551425907,0.8940197030433392,0.8549441933127016,0.8937988113437859,0.8458394999338219,0.8936241957598434,0.8482670348578373,0.89304848046109,0.8563482895955912,0.8944605962772197,0.8725514083913897,0.8919836429178327,0.8481336390277954,0.8938441395245289,0.8873308300086051,0.8898721496040453,0.8649483388394443,0.8923205815765554,1.4178403866870393,0.019349526970936483,0.012607325463585608,0.0012940081151487923,20
1.656255269050598,0.02411220073699951,0.8592793375144874,0.898830052537615,0.01,8,1,50,42,0.8,"{'learning_rate': 0.01, 'max_depth': 8, 'min_child_weight': 1, 'n_estimators': 50, 'random_seed': 42, 'subsample': 0.8}",6,0.8673187841923622,0.8984532211042771,0.8478577241326055,0.9000859938848794,0.8569222270402557,0.8993771554022826,0.8482294336353463,0.8996307544949156,0.8486189823003525,0.898985883094754,0.861221408030418,0.8998267029458834,0.8765702270512219,0.8974818488347475,0.8471648042171394,0.8996458338418208,0.8778726553896703,0.8958120970467784,0.8610203455310237,0.8990010347258124,1.2059928551505623,0.01264087845673897,0.011111113930019893,0.0012368457292152887,20
4.483383059501648,0.035996747016906736,0.8600019405233307,0.9026962908960133,0.01,8,1,80,42,0.8,"{'learning_rate': 0.01, 'max_depth': 8, 'min_child_weight': 1, 'n_estimators': 80, 'random_seed': 42, 'subsample': 0.8}",5,0.8668836761727126,0.9020863146028133,0.8494273800260174,0.9034139053815432,0.8569370771433154,0.9038167285881893,0.8512901731461094,0.9038778081953679,0.8482294336353464,0.9029771146928055,0.8614154303384711,0.9039671194172396,0.8774771685377034,0.9013225272302149,0.8478688642969329,0.9034882241693903,0.8801503198358396,0.8997150805924933,0.8603433646850684,0.9022980860900752,0.843883640883515,0.010799759606478108,0.011151851928627235,0.0012958718831070433,20
0.7979804754257203,0.012337374687194824,0.8465662221767458,0.8811107323432694,1,2,1,50,42,0.8,"{'learning_rate': 1, 'max_depth': 2, 'min_child_weight': 1, 'n_estimators': 50, 'random_seed': 42, 'subsample': 0.8}",17,0.8566207699481434,0.8730995981026535,0.8413860492191817,0.8766960090245434,0.8284412143820279,0.889521041466681,0.8419665740172544,0.8981825443713127,0.8192178344102323,0.883203998480045,0.8617147360694991,0.8732665070898872,0.8578252656150356,0.8768398620206339,0.820172825687963,0.8898706148963536,0.8824159490669699,0.8784488764830268,0.8559083879431216,0.8719782714975566,0.6740357965662845,0.0013061735692458892,0.01910627493591714,0.008349999674222812,20
1.8770556449890137,0.015388298034667968,0.8423116923199726,0.884483125483459,1,2,1,80,42,0.8,"{'learning_rate': 1, 'max_depth': 2, 'min_child_weight': 1, 'n_estimators': 80, 'random_seed': 42, 'subsample': 0.8}",18,0.8495937011802862,0.8765952939642809,0.8460118563222828,0.8789690325724985,0.8187945874344367,0.8925540850428413,0.8453882852639305,0.908263063153019,0.8151012525719235,0.8795206779516851,0.8544622122754455,0.8724533866611933,0.8453551961881385,0.8781461357179244,0.8126778955222982,0.8998268368971835,0.8787226424518141,0.8776129970141613,0.8570171321286084,0.8808897458598024,0.9547182705657992,0.005558965269953096,0.019865293654013048,0.01108281279125942,20
1.9771891593933106,0.0299299955368042,0.8333840960750035,0.886969849326964,1,3,1,50,42,0.8,"{'learning_rate': 1, 'max_depth': 3, 'min_child_weight': 1, 'n_estimators': 50, 'random_seed': 42, 'subsample': 0.8}",19,0.8309078165002466,0.8838779612709022,0.839589186748956,0.8915616926500042,0.8308781162941272,0.8901433675827497,0.8275517693631256,0.8787461111249794,0.8242398536861231,0.8952969413217876,0.837607840306104,0.8769797089711551,0.8366076477878449,0.8821541385951142,0.8018386799776145,0.88615558681675,0.8669221141058737,0.8875158185834982,0.8376991075888048,0.8972671663526988,0.7556519400728966,0.018115031512493728,0.015280149826435658,0.006384952341671249,20
2.628892755508423,0.016730904579162598,0.8324395574830306,0.8930753201629271,1,3,1,80,42,0.8,"{'learning_rate': 1, 'max_depth': 3, 'min_child_weight': 1, 'n_estimators': 80, 'random_seed': 42, 'subsample': 0.8}",20,0.8328219947846438,0.8893631823218497,0.8257533457282193,0.9005374617804957,0.8189044781970787,0.8922671424846825,0.8189425934615987,0.8770753810750815,0.8219717479454693,0.9043605880487533,0.8437503760122249,0.8732986073551398,0.8541929875224104,0.8874447837531239,0.8011255934865417,0.8912180142879438,0.8694058816095896,0.8895893750892164,0.8375336233820159,0.9255986654329835,1.1267193343568898,0.008653192303610632,0.01869082181281159,0.013963032240779025,20
1.0896775245666503,0.013736653327941894,0.8115950889966111,0.9250835704078074,1,5,1,50,42,0.8,"{'learning_rate': 1, 'max_depth': 5, 'min_child_weight': 1, 'n_estimators': 50, 'random_seed': 42, 'subsample': 0.8}",21,0.8236802713410831,0.9212318605491758,0.8263711100155036,0.927869240409571,0.779876922345841,0.917293436911153,0.824140586458747,0.9102442190399321,0.7648660193240202,0.9465150409897828,0.8341921452550265,0.9069552731989597,0.7829161101685738,0.9169756964379985,0.829736308438491,0.9256093159345556,0.8410719766035419,0.9463447515585603,0.809110958665054,0.9317968690483851,0.9525822779087326,0.0033495567152488424,0.024997461313285098,0.012862936979318021,20
3.341235375404358,0.04745364189147949,0.8005004370008874,0.9242314024445581,1,5,1,80,42,0.8,"{'learning_rate': 1, 'max_depth': 5, 'min_child_weight': 1, 'n_estimators': 80, 'random_seed': 42, 'subsample': 0.8}",24,0.8236431460834337,0.9180299030587454,0.8103448787934588,0.9328454606190967,0.7648946533688945,0.9105310103874095,0.8146741026844264,0.9240355173902632,0.7392821475411808,0.9587992910575058,0.8216543936276456,0.9067867837882566,0.7903536319772828,0.9233653318984367,0.8057380896503168,0.9202269851166637,0.8356982530885371,0.9364130294094372,0.7987305856937399,0.9112807117197677,0.7492282698734772,0.026409440978375713,0.027692753796712506,0.014603257210804145,20
2.591135597229004,0.021654820442199706,0.8019093319707471,0.9265525415073883,1,8,1,50,42,0.8,"{'learning_rate': 1, 'max_depth': 8, 'min_child_weight': 1, 'n_estimators': 50, 'random_seed': 42, 'subsample': 0.8}",23,0.7970956168435809,0.9060841414240172,0.8097330545473986,0.9160281194818738,0.7893884133555886,0.9380948095542836,0.8153088113200737,0.9434530344088585,0.7773691778267096,0.939624763431585,0.7811954782273881,0.9378696222579097,0.7963638113802356,0.9099041152503072,0.8017619554817395,0.9229652179765674,0.8387521889047352,0.933720911742104,0.8121378152474139,0.9177806795463774,1.7602228712757055,0.008618190064465991,0.01715953387016314,0.012906970429615208,20
4.041403865814209,0.0414104700088501,0.8034782958266518,0.9269802032695104,1,8,1,80,42,0.8,"{'learning_rate': 1, 'max_depth': 8, 'min_child_weight': 1, 'n_estimators': 80, 'random_seed': 42, 'subsample': 0.8}",22,0.8165165816250765,0.9145193749185243,0.7921341974113301,0.9162837679690926,0.7945428841276159,0.927099572919259,0.8165692042979702,0.9453054379069739,0.7659910479009494,0.9336538182396443,0.7828424117724915,0.9305366162141473,0.8132121671539785,0.9297807067420727,0.8174227790515047,0.9321220236840528,0.8242106403336161,0.923305368370525,0.8113525174661058,0.917195345730813,1.7908706791197373,0.01995446549240322,0.017781990404062673,0.00897902355618446,20
